{"cameraMode":{"drawMode":0,"name":"Shaded","section":"Shading Mode"},"sceneLighting":true,"audioPlay":false,"sceneViewState":{"showFog":true,"showMaterialUpdate":false,"showSkybox":true,"showFlares":true,"showImageEffects":true,"showParticleSystems":true},"in2DMode":false,"pivot":{"x":0.4061484932899475,"y":10.637800216674805,"z":-38.16636276245117},"rotation":{"x":-0.01827216148376465,"y":-0.9806127548217773,"z":0.11258789896965027,"w":-0.15933828055858613},"size":12.45369815826416,"orthographic":false}