{"cameraMode":{"drawMode":0,"name":"Shaded","section":"Shading Mode"},"sceneLighting":false,"audioPlay":false,"sceneViewState":{"showFog":true,"showMaterialUpdate":false,"showSkybox":false,"showFlares":true,"showImageEffects":true,"showParticleSystems":true},"in2DMode":false,"pivot":{"x":1.6399996280670167,"y":0.9194042682647705,"z":-4.399998664855957},"rotation":{"x":-0.15566839277744294,"y":0.007998454384505749,"z":-0.0012598849134519697,"w":-0.9877762198448181},"size":4.351370811462402,"orthographic":false}