{"cameraMode":{"drawMode":0,"name":"Shaded","section":"Shading Mode"},"sceneLighting":false,"audioPlay":false,"sceneViewState":{"showFog":true,"showMaterialUpdate":false,"showSkybox":false,"showFlares":true,"showImageEffects":true,"showParticleSystems":true},"in2DMode":false,"pivot":{"x":-6.512816905975342,"y":0.2909579277038574,"z":-54.88585662841797},"rotation":{"x":-0.030378833413124086,"y":0.9634244441986084,"z":-0.12429927289485932,"w":-0.23545759916305543},"size":2.921351909637451,"orthographic":false}