{"cameraMode":{"drawMode":0,"name":"Shaded","section":"Shading Mode"},"sceneLighting":false,"audioPlay":false,"sceneViewState":{"showFog":true,"showMaterialUpdate":false,"showSkybox":false,"showFlares":true,"showImageEffects":true,"showParticleSystems":true},"in2DMode":false,"pivot":{"x":4.150000095367432,"y":1.191154956817627,"z":-6.460000038146973},"rotation":{"x":0.058221958577632907,"y":0.9386164546012878,"z":-0.19742146134376527,"w":0.2768286168575287},"size":4.571244716644287,"orthographic":false}