{"cameraMode":{"drawMode":0,"name":"Shaded","section":"Shading Mode"},"sceneLighting":true,"audioPlay":false,"sceneViewState":{"showFog":true,"showMaterialUpdate":false,"showSkybox":true,"showFlares":true,"showImageEffects":true,"showParticleSystems":true},"in2DMode":false,"pivot":{"x":-6.862636089324951,"y":12.742830276489258,"z":-51.10075378417969},"rotation":{"x":0.27181845903396609,"y":0.5526746511459351,"z":-0.19693855941295625,"w":0.7628110647201538},"size":2.680497169494629,"orthographic":false}