{"cameraMode":{"drawMode":0,"name":"Shaded","section":"Shading Mode"},"sceneLighting":false,"audioPlay":false,"sceneViewState":{"showFog":true,"showMaterialUpdate":false,"showSkybox":false,"showFlares":true,"showImageEffects":true,"showParticleSystems":true},"in2DMode":false,"pivot":{"x":-0.8100003004074097,"y":0.9194042682647705,"z":-3.5599987506866457},"rotation":{"x":-0.0264601930975914,"y":0.9511757493019104,"z":-0.08517544716596604,"w":-0.29548215866088869},"size":4.3513712882995609,"orthographic":false}