{"cameraMode":{"drawMode":0,"name":"Shaded","section":"Shading Mode"},"sceneLighting":true,"audioPlay":false,"sceneViewState":{"showFog":true,"showMaterialUpdate":false,"showSkybox":true,"showFlares":true,"showImageEffects":true,"showParticleSystems":true},"in2DMode":false,"pivot":{"x":21.43002700805664,"y":-2.001215696334839,"z":-33.62484359741211},"rotation":{"x":0.18452352285385133,"y":0.4535383880138397,"z":-0.09658476710319519,"w":0.866559624671936},"size":12.974930763244629,"orthographic":true}