{"cameraMode":{"drawMode":0,"name":"Shaded","section":"Shading Mode"},"sceneLighting":false,"audioPlay":false,"sceneViewState":{"showFog":true,"showMaterialUpdate":false,"showSkybox":false,"showFlares":true,"showImageEffects":true,"showParticleSystems":true},"in2DMode":false,"pivot":{"x":0.19990086555480958,"y":8.670415878295899,"z":-38.186519622802737},"rotation":{"x":-0.0264601930975914,"y":0.9511757493019104,"z":-0.08517544716596604,"w":-0.29548215866088869},"size":8.606440544128418,"orthographic":false}