{"cameraMode":{"drawMode":0,"name":"Shaded","section":"Shading Mode"},"sceneLighting":true,"audioPlay":false,"sceneViewState":{"showFog":true,"showMaterialUpdate":false,"showSkybox":true,"showFlares":true,"showImageEffects":true,"showParticleSystems":true},"in2DMode":false,"pivot":{"x":-7.883543968200684,"y":4.978720664978027,"z":-76.90373229980469},"rotation":{"x":0.04751458019018173,"y":0.9073085188865662,"z":-0.40388768911361697,"w":0.1068100556731224},"size":38.019344329833987,"orthographic":false}