{"cameraMode":{"drawMode":0,"name":"Shaded","section":"Shading Mode"},"sceneLighting":true,"audioPlay":false,"sceneViewState":{"showFog":true,"showMaterialUpdate":false,"showSkybox":true,"showFlares":true,"showImageEffects":true,"showParticleSystems":true},"in2DMode":false,"pivot":{"x":-2.977459669113159,"y":-16.96304702758789,"z":-77.0980224609375},"rotation":{"x":-0.002092225942760706,"y":-0.962312638759613,"z":0.27183640003204348,"w":-0.007419923320412636},"size":48.12028884887695,"orthographic":true}