{"cameraMode":{"drawMode":0,"name":"Shaded","section":"Shading Mode"},"sceneLighting":false,"audioPlay":false,"sceneViewState":{"showFog":true,"showMaterialUpdate":false,"showSkybox":false,"showFlares":true,"showImageEffects":true,"showParticleSystems":true},"in2DMode":false,"pivot":{"x":-1.0356464385986329,"y":0.12804418802261353,"z":0.9478774070739746},"rotation":{"x":0.07044749706983566,"y":-0.9290441274642944,"z":0.23999939858913423,"w":0.2726069390773773},"size":2.3552794456481935,"orthographic":false}