{"cameraMode":{"drawMode":0,"name":"Shaded","section":"Shading Mode"},"sceneLighting":true,"audioPlay":false,"sceneViewState":{"showFog":true,"showMaterialUpdate":false,"showSkybox":true,"showFlares":true,"showImageEffects":true,"showParticleSystems":true},"in2DMode":false,"pivot":{"x":4.052999973297119,"y":6.300000190734863,"z":-42.066001892089847},"rotation":{"x":-0.12499719858169556,"y":-0.46768665313720705,"z":0.06701575219631195,"w":-0.872441291809082},"size":3.9435079097747804,"orthographic":true}