{"cameraMode":{"drawMode":0,"name":"Shaded","section":"Shading Mode"},"sceneLighting":false,"audioPlay":false,"sceneViewState":{"showFog":true,"showMaterialUpdate":false,"showSkybox":false,"showFlares":true,"showImageEffects":true,"showParticleSystems":true},"in2DMode":false,"pivot":{"x":-0.8100000619888306,"y":0.30388087034225466,"z":-3.559999704360962},"rotation":{"x":0.006078826729208231,"y":0.9763066172599793,"z":-0.02764597348868847,"w":0.21453265845775605},"size":0.8702740669250488,"orthographic":false}