{"cameraMode":{"drawMode":0,"name":"Shaded","section":"Shading Mode"},"sceneLighting":false,"audioPlay":false,"sceneViewState":{"showFog":true,"showMaterialUpdate":false,"showSkybox":false,"showFlares":true,"showImageEffects":true,"showParticleSystems":true},"in2DMode":false,"pivot":{"x":1.6399996280670167,"y":0.9194042682647705,"z":-4.399998664855957},"rotation":{"x":-0.0264601930975914,"y":0.9511757493019104,"z":-0.08517544716596604,"w":-0.29548215866088869},"size":4.351371765136719,"orthographic":false}